{"cameraMode":{"drawMode":0,"name":"Shaded","section":"Shading Mode"},"sceneLighting":false,"audioPlay":false,"sceneViewState":{"showFog":true,"showMaterialUpdate":false,"showSkybox":false,"showFlares":true,"showImageEffects":true,"showParticleSystems":true},"in2DMode":false,"pivot":{"x":0.6681019067764282,"y":-18.606382369995118,"z":20.475494384765626},"rotation":{"x":0.0216666292399168,"y":0.8991968035697937,"z":-0.4347047209739685,"w":0.04481792449951172},"size":22.950037002563478,"orthographic":false}