{"cameraMode":{"drawMode":0,"name":"Shaded","section":"Shading Mode"},"sceneLighting":false,"audioPlay":false,"sceneViewState":{"showFog":true,"showMaterialUpdate":false,"showSkybox":false,"showFlares":true,"showImageEffects":true,"showParticleSystems":true},"in2DMode":false,"pivot":{"x":-1.2487123012542725,"y":0.9746999740600586,"z":29.528627395629884},"rotation":{"x":0.00012583403440658003,"y":0.9054746627807617,"z":-0.42441242933273318,"w":0.0002729673869907856},"size":17.991662979125978,"orthographic":false}