{"cameraMode":{"drawMode":0,"name":"Shaded","section":"Shading Mode"},"sceneLighting":false,"audioPlay":false,"sceneViewState":{"showFog":true,"showMaterialUpdate":false,"showSkybox":false,"showFlares":true,"showImageEffects":true,"showParticleSystems":true},"in2DMode":false,"pivot":{"x":5.509384632110596,"y":-37.78753662109375,"z":51.59929275512695},"rotation":{"x":0.39013808965682986,"y":-0.011053526774048806,"z":0.0046815951354801659,"w":0.9206827878952026},"size":89.42804718017578,"orthographic":false}