{"cameraMode":{"drawMode":0,"name":"Shaded","section":"Shading Mode"},"sceneLighting":false,"audioPlay":false,"sceneViewState":{"showFog":true,"showMaterialUpdate":false,"showSkybox":true,"showFlares":true,"showImageEffects":true,"showParticleSystems":true},"in2DMode":false,"pivot":{"x":-29.86244010925293,"y":3.0,"z":21.860000610351564},"rotation":{"x":0.029754456132650377,"y":0.9696059226989746,"z":-0.18879832327365876,"w":0.15279583632946015},"size":8.353273391723633,"orthographic":false}