{"cameraMode":{"drawMode":0,"name":"Shaded","section":"Shading Mode"},"sceneLighting":false,"audioPlay":false,"sceneViewState":{"showFog":true,"showMaterialUpdate":false,"showSkybox":false,"showFlares":true,"showImageEffects":true,"showParticleSystems":true},"in2DMode":false,"pivot":{"x":-29.84351348876953,"y":6.6542253494262699,"z":21.359481811523439},"rotation":{"x":0.19030432403087617,"y":0.8008005619049072,"z":-0.32946330308914187,"w":0.462558388710022},"size":19.45909881591797,"orthographic":false}