{"cameraMode":{"drawMode":0,"name":"Shaded","section":"Shading Mode"},"sceneLighting":false,"audioPlay":false,"sceneViewState":{"showFog":true,"showMaterialUpdate":false,"showSkybox":false,"showFlares":true,"showImageEffects":true,"showParticleSystems":true},"in2DMode":false,"pivot":{"x":-0.5700001120567322,"y":6.679999828338623,"z":30.48999786376953},"rotation":{"x":0.005029674153774977,"y":0.9943765997886658,"z":-0.09004689007997513,"w":0.05554483085870743},"size":5.108320236206055,"orthographic":false}