{"cameraMode":{"drawMode":0,"name":"Shaded","section":"Shading Mode"},"sceneLighting":false,"audioPlay":false,"sceneViewState":{"showFog":true,"showMaterialUpdate":false,"showSkybox":false,"showFlares":true,"showImageEffects":true,"showParticleSystems":true},"in2DMode":false,"pivot":{"x":0.5576886534690857,"y":41.687461853027347,"z":78.64479064941406},"rotation":{"x":-0.002172774402424693,"y":0.9534322619438171,"z":-0.3015363812446594,"w":-0.006863726302981377},"size":10.0,"orthographic":false}