{"cameraMode":{"drawMode":0,"name":"Shaded","section":"Shading Mode"},"sceneLighting":false,"audioPlay":false,"sceneViewState":{"showFog":true,"showMaterialUpdate":false,"showSkybox":false,"showFlares":true,"showImageEffects":true,"showParticleSystems":true},"in2DMode":false,"pivot":{"x":0.5117142200469971,"y":2.5,"z":-13.465597152709961},"rotation":{"x":0.005029674153774977,"y":0.9943765997886658,"z":-0.09004689007997513,"w":0.05554483085870743},"size":4.622222900390625,"orthographic":false}