{"cameraMode":{"drawMode":0,"name":"Shaded","section":"Shading Mode"},"sceneLighting":false,"audioPlay":false,"sceneViewState":{"showFog":true,"showMaterialUpdate":false,"showSkybox":false,"showFlares":true,"showImageEffects":true,"showParticleSystems":true},"in2DMode":false,"pivot":{"x":-29.812440872192384,"y":6.679999828338623,"z":21.90999984741211},"rotation":{"x":0.00012583403440658003,"y":0.9054746627807617,"z":-0.42441242933273318,"w":0.0002729673869907856},"size":2.708320379257202,"orthographic":false}