{"cameraMode":{"drawMode":0,"name":"Shaded","section":"Shading Mode"},"sceneLighting":false,"audioPlay":false,"sceneViewState":{"showFog":true,"showMaterialUpdate":false,"showSkybox":false,"showFlares":true,"showImageEffects":true,"showParticleSystems":true},"in2DMode":false,"pivot":{"x":1.4593331813812256,"y":10.891223907470704,"z":9.615899085998536},"rotation":{"x":0.03309015929698944,"y":0.903334379196167,"z":-0.4217577278614044,"w":0.0708770677447319},"size":10.0,"orthographic":false}