{"cameraMode":{"drawMode":0,"name":"Shaded","section":"Shading Mode"},"sceneLighting":false,"audioPlay":false,"sceneViewState":{"showFog":true,"showMaterialUpdate":false,"showSkybox":false,"showFlares":true,"showImageEffects":true,"showParticleSystems":true},"in2DMode":false,"pivot":{"x":-0.5267269015312195,"y":-6.950383186340332,"z":-5.314155578613281},"rotation":{"x":0.00012583403440658003,"y":0.9054746627807617,"z":-0.42441242933273318,"w":0.0002729673869907856},"size":7.275789737701416,"orthographic":false}